findFlightsBetweeenLAX_DAY,sumPrice
"[{""name"":LAX},{""idTicket"":546,""idFlight"":543,""class"":firstClass,""price"":3051.6},{""name"":EWR},{""name"":EWR},{""idTicket"":150,""idFlight"":147,""class"":firstClass,""price"":908.4},{""name"":ORD},{""name"":ORD},{""idTicket"":498,""idFlight"":495,""class"":firstClass,""price"":1903.1999999999998},{""name"":LAS}]",5863.2
"[{""name"":LAX},{""idTicket"":546,""idFlight"":543,""class"":firstClass,""price"":3051.6},{""name"":EWR},{""name"":EWR},{""idTicket"":150,""idFlight"":147,""class"":firstClass,""price"":908.4},{""name"":ORD},{""name"":ORD},{""idTicket"":594,""idFlight"":591,""class"":firstClass,""price"":1902.0},{""name"":LAS}]",5862.0
"[{""name"":LAX},{""idTicket"":138,""idFlight"":135,""class"":firstClass,""price"":3048.0},{""name"":EWR},{""name"":EWR},{""idTicket"":150,""idFlight"":147,""class"":firstClass,""price"":908.4},{""name"":ORD},{""name"":ORD},{""idTicket"":498,""idFlight"":495,""class"":firstClass,""price"":1903.1999999999998},{""name"":LAS}]",5859.6
"[{""name"":LAX},{""idTicket"":138,""idFlight"":135,""class"":firstClass,""price"":3048.0},{""name"":EWR},{""name"":EWR},{""idTicket"":150,""idFlight"":147,""class"":firstClass,""price"":908.4},{""name"":ORD},{""name"":ORD},{""idTicket"":594,""idFlight"":591,""class"":firstClass,""price"":1902.0},{""name"":LAS}]",5858.4
"[{""name"":LAX},{""idTicket"":546,""idFlight"":543,""class"":firstClass,""price"":3051.6},{""name"":EWR},{""name"":EWR},{""idTicket"":149,""idFlight"":147,""class"":business,""price"":757},{""name"":ORD},{""name"":ORD},{""idTicket"":498,""idFlight"":495,""class"":firstClass,""price"":1903.1999999999998},{""name"":LAS}]",5711.799999999999
"[{""name"":LAX},{""idTicket"":546,""idFlight"":543,""class"":firstClass,""price"":3051.6},{""name"":EWR},{""name"":EWR},{""idTicket"":149,""idFlight"":147,""class"":business,""price"":757},{""name"":ORD},{""name"":ORD},{""idTicket"":594,""idFlight"":591,""class"":firstClass,""price"":1902.0},{""name"":LAS}]",5710.6
"[{""name"":LAX},{""idTicket"":138,""idFlight"":135,""class"":firstClass,""price"":3048.0},{""name"":EWR},{""name"":EWR},{""idTicket"":149,""idFlight"":147,""class"":business,""price"":757},{""name"":ORD},{""name"":ORD},{""idTicket"":498,""idFlight"":495,""class"":firstClass,""price"":1903.1999999999998},{""name"":LAS}]",5708.2
"[{""name"":LAX},{""idTicket"":138,""idFlight"":135,""class"":firstClass,""price"":3048.0},{""name"":EWR},{""name"":EWR},{""idTicket"":149,""idFlight"":147,""class"":business,""price"":757},{""name"":ORD},{""name"":ORD},{""idTicket"":594,""idFlight"":591,""class"":firstClass,""price"":1902.0},{""name"":LAS}]",5707.0
"[{""name"":LAX},{""idTicket"":546,""idFlight"":543,""class"":firstClass,""price"":3051.6},{""name"":EWR},{""name"":EWR},{""idTicket"":150,""idFlight"":147,""class"":firstClass,""price"":908.4},{""name"":ORD},{""name"":ORD},{""idTicket"":497,""idFlight"":495,""class"":business,""price"":1586},{""name"":LAS}]",5546.0
"[{""name"":LAX},{""idTicket"":546,""idFlight"":543,""class"":firstClass,""price"":3051.6},{""name"":EWR},{""name"":EWR},{""idTicket"":150,""idFlight"":147,""class"":firstClass,""price"":908.4},{""name"":ORD},{""name"":ORD},{""idTicket"":593,""idFlight"":591,""class"":business,""price"":1585},{""name"":LAS}]",5545.0
"[{""name"":LAX},{""idTicket"":138,""idFlight"":135,""class"":firstClass,""price"":3048.0},{""name"":EWR},{""name"":EWR},{""idTicket"":150,""idFlight"":147,""class"":firstClass,""price"":908.4},{""name"":ORD},{""name"":ORD},{""idTicket"":497,""idFlight"":495,""class"":business,""price"":1586},{""name"":LAS}]",5542.4
"[{""name"":LAX},{""idTicket"":138,""idFlight"":135,""class"":firstClass,""price"":3048.0},{""name"":EWR},{""name"":EWR},{""idTicket"":150,""idFlight"":147,""class"":firstClass,""price"":908.4},{""name"":ORD},{""name"":ORD},{""idTicket"":593,""idFlight"":591,""class"":business,""price"":1585},{""name"":LAS}]",5541.4
"[{""name"":LAX},{""idTicket"":546,""idFlight"":543,""class"":firstClass,""price"":3051.6},{""name"":EWR},{""name"":EWR},{""idTicket"":148,""idFlight"":147,""class"":economy,""price"":567.75},{""name"":ORD},{""name"":ORD},{""idTicket"":498,""idFlight"":495,""class"":firstClass,""price"":1903.1999999999998},{""name"":LAS}]",5522.549999999999
"[{""name"":LAX},{""idTicket"":546,""idFlight"":543,""class"":firstClass,""price"":3051.6},{""name"":EWR},{""name"":EWR},{""idTicket"":148,""idFlight"":147,""class"":economy,""price"":567.75},{""name"":ORD},{""name"":ORD},{""idTicket"":594,""idFlight"":591,""class"":firstClass,""price"":1902.0},{""name"":LAS}]",5521.35
"[{""name"":LAX},{""idTicket"":138,""idFlight"":135,""class"":firstClass,""price"":3048.0},{""name"":EWR},{""name"":EWR},{""idTicket"":148,""idFlight"":147,""class"":economy,""price"":567.75},{""name"":ORD},{""name"":ORD},{""idTicket"":498,""idFlight"":495,""class"":firstClass,""price"":1903.1999999999998},{""name"":LAS}]",5518.95
"[{""name"":LAX},{""idTicket"":138,""idFlight"":135,""class"":firstClass,""price"":3048.0},{""name"":EWR},{""name"":EWR},{""idTicket"":148,""idFlight"":147,""class"":economy,""price"":567.75},{""name"":ORD},{""name"":ORD},{""idTicket"":594,""idFlight"":591,""class"":firstClass,""price"":1902.0},{""name"":LAS}]",5517.75
"[{""name"":LAX},{""idTicket"":546,""idFlight"":543,""class"":firstClass,""price"":3051.6},{""name"":EWR},{""name"":EWR},{""idTicket"":149,""idFlight"":147,""class"":business,""price"":757},{""name"":ORD},{""name"":ORD},{""idTicket"":497,""idFlight"":495,""class"":business,""price"":1586},{""name"":LAS}]",5394.6
"[{""name"":LAX},{""idTicket"":546,""idFlight"":543,""class"":firstClass,""price"":3051.6},{""name"":EWR},{""name"":EWR},{""idTicket"":149,""idFlight"":147,""class"":business,""price"":757},{""name"":ORD},{""name"":ORD},{""idTicket"":593,""idFlight"":591,""class"":business,""price"":1585},{""name"":LAS}]",5393.6
"[{""name"":LAX},{""idTicket"":138,""idFlight"":135,""class"":firstClass,""price"":3048.0},{""name"":EWR},{""name"":EWR},{""idTicket"":149,""idFlight"":147,""class"":business,""price"":757},{""name"":ORD},{""name"":ORD},{""idTicket"":497,""idFlight"":495,""class"":business,""price"":1586},{""name"":LAS}]",5391.0
"[{""name"":LAX},{""idTicket"":138,""idFlight"":135,""class"":firstClass,""price"":3048.0},{""name"":EWR},{""name"":EWR},{""idTicket"":149,""idFlight"":147,""class"":business,""price"":757},{""name"":ORD},{""name"":ORD},{""idTicket"":593,""idFlight"":591,""class"":business,""price"":1585},{""name"":LAS}]",5390.0
"[{""name"":LAX},{""idTicket"":545,""idFlight"":543,""class"":business,""price"":2543},{""name"":EWR},{""name"":EWR},{""idTicket"":150,""idFlight"":147,""class"":firstClass,""price"":908.4},{""name"":ORD},{""name"":ORD},{""idTicket"":498,""idFlight"":495,""class"":firstClass,""price"":1903.1999999999998},{""name"":LAS}]",5354.6
"[{""name"":LAX},{""idTicket"":545,""idFlight"":543,""class"":business,""price"":2543},{""name"":EWR},{""name"":EWR},{""idTicket"":150,""idFlight"":147,""class"":firstClass,""price"":908.4},{""name"":ORD},{""name"":ORD},{""idTicket"":594,""idFlight"":591,""class"":firstClass,""price"":1902.0},{""name"":LAS}]",5353.4
"[{""name"":LAX},{""idTicket"":137,""idFlight"":135,""class"":business,""price"":2540},{""name"":EWR},{""name"":EWR},{""idTicket"":150,""idFlight"":147,""class"":firstClass,""price"":908.4},{""name"":ORD},{""name"":ORD},{""idTicket"":498,""idFlight"":495,""class"":firstClass,""price"":1903.1999999999998},{""name"":LAS}]",5351.6
"[{""name"":LAX},{""idTicket"":137,""idFlight"":135,""class"":business,""price"":2540},{""name"":EWR},{""name"":EWR},{""idTicket"":150,""idFlight"":147,""class"":firstClass,""price"":908.4},{""name"":ORD},{""name"":ORD},{""idTicket"":594,""idFlight"":591,""class"":firstClass,""price"":1902.0},{""name"":LAS}]",5350.4
"[{""name"":LAX},{""idTicket"":546,""idFlight"":543,""class"":firstClass,""price"":3051.6},{""name"":EWR},{""name"":EWR},{""idTicket"":148,""idFlight"":147,""class"":economy,""price"":567.75},{""name"":ORD},{""name"":ORD},{""idTicket"":497,""idFlight"":495,""class"":business,""price"":1586},{""name"":LAS}]",5205.35
"[{""name"":LAX},{""idTicket"":546,""idFlight"":543,""class"":firstClass,""price"":3051.6},{""name"":EWR},{""name"":EWR},{""idTicket"":148,""idFlight"":147,""class"":economy,""price"":567.75},{""name"":ORD},{""name"":ORD},{""idTicket"":593,""idFlight"":591,""class"":business,""price"":1585},{""name"":LAS}]",5204.35
"[{""name"":LAX},{""idTicket"":545,""idFlight"":543,""class"":business,""price"":2543},{""name"":EWR},{""name"":EWR},{""idTicket"":149,""idFlight"":147,""class"":business,""price"":757},{""name"":ORD},{""name"":ORD},{""idTicket"":498,""idFlight"":495,""class"":firstClass,""price"":1903.1999999999998},{""name"":LAS}]",5203.2
"[{""name"":LAX},{""idTicket"":545,""idFlight"":543,""class"":business,""price"":2543},{""name"":EWR},{""name"":EWR},{""idTicket"":149,""idFlight"":147,""class"":business,""price"":757},{""name"":ORD},{""name"":ORD},{""idTicket"":594,""idFlight"":591,""class"":firstClass,""price"":1902.0},{""name"":LAS}]",5202.0
"[{""name"":LAX},{""idTicket"":138,""idFlight"":135,""class"":firstClass,""price"":3048.0},{""name"":EWR},{""name"":EWR},{""idTicket"":148,""idFlight"":147,""class"":economy,""price"":567.75},{""name"":ORD},{""name"":ORD},{""idTicket"":497,""idFlight"":495,""class"":business,""price"":1586},{""name"":LAS}]",5201.75
"[{""name"":LAX},{""idTicket"":138,""idFlight"":135,""class"":firstClass,""price"":3048.0},{""name"":EWR},{""name"":EWR},{""idTicket"":148,""idFlight"":147,""class"":economy,""price"":567.75},{""name"":ORD},{""name"":ORD},{""idTicket"":593,""idFlight"":591,""class"":business,""price"":1585},{""name"":LAS}]",5200.75
"[{""name"":LAX},{""idTicket"":137,""idFlight"":135,""class"":business,""price"":2540},{""name"":EWR},{""name"":EWR},{""idTicket"":149,""idFlight"":147,""class"":business,""price"":757},{""name"":ORD},{""name"":ORD},{""idTicket"":498,""idFlight"":495,""class"":firstClass,""price"":1903.1999999999998},{""name"":LAS}]",5200.2
"[{""name"":LAX},{""idTicket"":137,""idFlight"":135,""class"":business,""price"":2540},{""name"":EWR},{""name"":EWR},{""idTicket"":149,""idFlight"":147,""class"":business,""price"":757},{""name"":ORD},{""name"":ORD},{""idTicket"":594,""idFlight"":591,""class"":firstClass,""price"":1902.0},{""name"":LAS}]",5199.0
"[{""name"":LAX},{""idTicket"":546,""idFlight"":543,""class"":firstClass,""price"":3051.6},{""name"":EWR},{""name"":EWR},{""idTicket"":150,""idFlight"":147,""class"":firstClass,""price"":908.4},{""name"":ORD},{""name"":ORD},{""idTicket"":496,""idFlight"":495,""class"":economy,""price"":1189.5},{""name"":LAS}]",5149.5
"[{""name"":LAX},{""idTicket"":546,""idFlight"":543,""class"":firstClass,""price"":3051.6},{""name"":EWR},{""name"":EWR},{""idTicket"":150,""idFlight"":147,""class"":firstClass,""price"":908.4},{""name"":ORD},{""name"":ORD},{""idTicket"":592,""idFlight"":591,""class"":economy,""price"":1188.75},{""name"":LAS}]",5148.75
"[{""name"":LAX},{""idTicket"":138,""idFlight"":135,""class"":firstClass,""price"":3048.0},{""name"":EWR},{""name"":EWR},{""idTicket"":150,""idFlight"":147,""class"":firstClass,""price"":908.4},{""name"":ORD},{""name"":ORD},{""idTicket"":496,""idFlight"":495,""class"":economy,""price"":1189.5},{""name"":LAS}]",5145.9
"[{""name"":LAX},{""idTicket"":138,""idFlight"":135,""class"":firstClass,""price"":3048.0},{""name"":EWR},{""name"":EWR},{""idTicket"":150,""idFlight"":147,""class"":firstClass,""price"":908.4},{""name"":ORD},{""name"":ORD},{""idTicket"":592,""idFlight"":591,""class"":economy,""price"":1188.75},{""name"":LAS}]",5145.15
"[{""name"":LAX},{""idTicket"":545,""idFlight"":543,""class"":business,""price"":2543},{""name"":EWR},{""name"":EWR},{""idTicket"":150,""idFlight"":147,""class"":firstClass,""price"":908.4},{""name"":ORD},{""name"":ORD},{""idTicket"":497,""idFlight"":495,""class"":business,""price"":1586},{""name"":LAS}]",5037.4
"[{""name"":LAX},{""idTicket"":545,""idFlight"":543,""class"":business,""price"":2543},{""name"":EWR},{""name"":EWR},{""idTicket"":150,""idFlight"":147,""class"":firstClass,""price"":908.4},{""name"":ORD},{""name"":ORD},{""idTicket"":593,""idFlight"":591,""class"":business,""price"":1585},{""name"":LAS}]",5036.4
"[{""name"":LAX},{""idTicket"":137,""idFlight"":135,""class"":business,""price"":2540},{""name"":EWR},{""name"":EWR},{""idTicket"":150,""idFlight"":147,""class"":firstClass,""price"":908.4},{""name"":ORD},{""name"":ORD},{""idTicket"":497,""idFlight"":495,""class"":business,""price"":1586},{""name"":LAS}]",5034.4
"[{""name"":LAX},{""idTicket"":137,""idFlight"":135,""class"":business,""price"":2540},{""name"":EWR},{""name"":EWR},{""idTicket"":150,""idFlight"":147,""class"":firstClass,""price"":908.4},{""name"":ORD},{""name"":ORD},{""idTicket"":593,""idFlight"":591,""class"":business,""price"":1585},{""name"":LAS}]",5033.4
"[{""name"":LAX},{""idTicket"":545,""idFlight"":543,""class"":business,""price"":2543},{""name"":EWR},{""name"":EWR},{""idTicket"":148,""idFlight"":147,""class"":economy,""price"":567.75},{""name"":ORD},{""name"":ORD},{""idTicket"":498,""idFlight"":495,""class"":firstClass,""price"":1903.1999999999998},{""name"":LAS}]",5013.95
"[{""name"":LAX},{""idTicket"":545,""idFlight"":543,""class"":business,""price"":2543},{""name"":EWR},{""name"":EWR},{""idTicket"":148,""idFlight"":147,""class"":economy,""price"":567.75},{""name"":ORD},{""name"":ORD},{""idTicket"":594,""idFlight"":591,""class"":firstClass,""price"":1902.0},{""name"":LAS}]",5012.75
"[{""name"":LAX},{""idTicket"":137,""idFlight"":135,""class"":business,""price"":2540},{""name"":EWR},{""name"":EWR},{""idTicket"":148,""idFlight"":147,""class"":economy,""price"":567.75},{""name"":ORD},{""name"":ORD},{""idTicket"":498,""idFlight"":495,""class"":firstClass,""price"":1903.1999999999998},{""name"":LAS}]",5010.95
"[{""name"":LAX},{""idTicket"":137,""idFlight"":135,""class"":business,""price"":2540},{""name"":EWR},{""name"":EWR},{""idTicket"":148,""idFlight"":147,""class"":economy,""price"":567.75},{""name"":ORD},{""name"":ORD},{""idTicket"":594,""idFlight"":591,""class"":firstClass,""price"":1902.0},{""name"":LAS}]",5009.75
"[{""name"":LAX},{""idTicket"":546,""idFlight"":543,""class"":firstClass,""price"":3051.6},{""name"":EWR},{""name"":EWR},{""idTicket"":149,""idFlight"":147,""class"":business,""price"":757},{""name"":ORD},{""name"":ORD},{""idTicket"":496,""idFlight"":495,""class"":economy,""price"":1189.5},{""name"":LAS}]",4998.1
"[{""name"":LAX},{""idTicket"":546,""idFlight"":543,""class"":firstClass,""price"":3051.6},{""name"":EWR},{""name"":EWR},{""idTicket"":149,""idFlight"":147,""class"":business,""price"":757},{""name"":ORD},{""name"":ORD},{""idTicket"":592,""idFlight"":591,""class"":economy,""price"":1188.75},{""name"":LAS}]",4997.35
"[{""name"":LAX},{""idTicket"":138,""idFlight"":135,""class"":firstClass,""price"":3048.0},{""name"":EWR},{""name"":EWR},{""idTicket"":149,""idFlight"":147,""class"":business,""price"":757},{""name"":ORD},{""name"":ORD},{""idTicket"":496,""idFlight"":495,""class"":economy,""price"":1189.5},{""name"":LAS}]",4994.5
"[{""name"":LAX},{""idTicket"":138,""idFlight"":135,""class"":firstClass,""price"":3048.0},{""name"":EWR},{""name"":EWR},{""idTicket"":149,""idFlight"":147,""class"":business,""price"":757},{""name"":ORD},{""name"":ORD},{""idTicket"":592,""idFlight"":591,""class"":economy,""price"":1188.75},{""name"":LAS}]",4993.75
"[{""name"":LAX},{""idTicket"":545,""idFlight"":543,""class"":business,""price"":2543},{""name"":EWR},{""name"":EWR},{""idTicket"":149,""idFlight"":147,""class"":business,""price"":757},{""name"":ORD},{""name"":ORD},{""idTicket"":497,""idFlight"":495,""class"":business,""price"":1586},{""name"":LAS}]",4886
"[{""name"":LAX},{""idTicket"":545,""idFlight"":543,""class"":business,""price"":2543},{""name"":EWR},{""name"":EWR},{""idTicket"":149,""idFlight"":147,""class"":business,""price"":757},{""name"":ORD},{""name"":ORD},{""idTicket"":593,""idFlight"":591,""class"":business,""price"":1585},{""name"":LAS}]",4885
"[{""name"":LAX},{""idTicket"":137,""idFlight"":135,""class"":business,""price"":2540},{""name"":EWR},{""name"":EWR},{""idTicket"":149,""idFlight"":147,""class"":business,""price"":757},{""name"":ORD},{""name"":ORD},{""idTicket"":497,""idFlight"":495,""class"":business,""price"":1586},{""name"":LAS}]",4883
"[{""name"":LAX},{""idTicket"":137,""idFlight"":135,""class"":business,""price"":2540},{""name"":EWR},{""name"":EWR},{""idTicket"":149,""idFlight"":147,""class"":business,""price"":757},{""name"":ORD},{""name"":ORD},{""idTicket"":593,""idFlight"":591,""class"":business,""price"":1585},{""name"":LAS}]",4882
"[{""name"":LAX},{""idTicket"":546,""idFlight"":543,""class"":firstClass,""price"":3051.6},{""name"":EWR},{""name"":EWR},{""idTicket"":148,""idFlight"":147,""class"":economy,""price"":567.75},{""name"":ORD},{""name"":ORD},{""idTicket"":496,""idFlight"":495,""class"":economy,""price"":1189.5},{""name"":LAS}]",4808.85
"[{""name"":LAX},{""idTicket"":546,""idFlight"":543,""class"":firstClass,""price"":3051.6},{""name"":EWR},{""name"":EWR},{""idTicket"":148,""idFlight"":147,""class"":economy,""price"":567.75},{""name"":ORD},{""name"":ORD},{""idTicket"":592,""idFlight"":591,""class"":economy,""price"":1188.75},{""name"":LAS}]",4808.1
"[{""name"":LAX},{""idTicket"":138,""idFlight"":135,""class"":firstClass,""price"":3048.0},{""name"":EWR},{""name"":EWR},{""idTicket"":148,""idFlight"":147,""class"":economy,""price"":567.75},{""name"":ORD},{""name"":ORD},{""idTicket"":496,""idFlight"":495,""class"":economy,""price"":1189.5},{""name"":LAS}]",4805.25
"[{""name"":LAX},{""idTicket"":138,""idFlight"":135,""class"":firstClass,""price"":3048.0},{""name"":EWR},{""name"":EWR},{""idTicket"":148,""idFlight"":147,""class"":economy,""price"":567.75},{""name"":ORD},{""name"":ORD},{""idTicket"":592,""idFlight"":591,""class"":economy,""price"":1188.75},{""name"":LAS}]",4804.5
"[{""name"":LAX},{""idTicket"":106,""idFlight"":103,""class"":firstClass,""price"":1712.3999999999999},{""name"":IAH},{""name"":IAH},{""idTicket"":530,""idFlight"":527,""class"":firstClass,""price"":1154.3999999999999},{""name"":ORD},{""name"":ORD},{""idTicket"":498,""idFlight"":495,""class"":firstClass,""price"":1903.1999999999998},{""name"":LAS}]",4770.0
"[{""name"":LAX},{""idTicket"":106,""idFlight"":103,""class"":firstClass,""price"":1712.3999999999999},{""name"":IAH},{""name"":IAH},{""idTicket"":530,""idFlight"":527,""class"":firstClass,""price"":1154.3999999999999},{""name"":ORD},{""name"":ORD},{""idTicket"":594,""idFlight"":591,""class"":firstClass,""price"":1902.0},{""name"":LAS}]",4768.799999999999
"[{""name"":LAX},{""idTicket"":544,""idFlight"":543,""class"":economy,""price"":1907.25},{""name"":EWR},{""name"":EWR},{""idTicket"":150,""idFlight"":147,""class"":firstClass,""price"":908.4},{""name"":ORD},{""name"":ORD},{""idTicket"":498,""idFlight"":495,""class"":firstClass,""price"":1903.1999999999998},{""name"":LAS}]",4718.85
"[{""name"":LAX},{""idTicket"":544,""idFlight"":543,""class"":economy,""price"":1907.25},{""name"":EWR},{""name"":EWR},{""idTicket"":150,""idFlight"":147,""class"":firstClass,""price"":908.4},{""name"":ORD},{""name"":ORD},{""idTicket"":594,""idFlight"":591,""class"":firstClass,""price"":1902.0},{""name"":LAS}]",4717.65
"[{""name"":LAX},{""idTicket"":136,""idFlight"":135,""class"":economy,""price"":1905.0},{""name"":EWR},{""name"":EWR},{""idTicket"":150,""idFlight"":147,""class"":firstClass,""price"":908.4},{""name"":ORD},{""name"":ORD},{""idTicket"":498,""idFlight"":495,""class"":firstClass,""price"":1903.1999999999998},{""name"":LAS}]",4716.6
"[{""name"":LAX},{""idTicket"":136,""idFlight"":135,""class"":economy,""price"":1905.0},{""name"":EWR},{""name"":EWR},{""idTicket"":150,""idFlight"":147,""class"":firstClass,""price"":908.4},{""name"":ORD},{""name"":ORD},{""idTicket"":594,""idFlight"":591,""class"":firstClass,""price"":1902.0},{""name"":LAS}]",4715.4
"[{""name"":LAX},{""idTicket"":545,""idFlight"":543,""class"":business,""price"":2543},{""name"":EWR},{""name"":EWR},{""idTicket"":148,""idFlight"":147,""class"":economy,""price"":567.75},{""name"":ORD},{""name"":ORD},{""idTicket"":497,""idFlight"":495,""class"":business,""price"":1586},{""name"":LAS}]",4696.75
"[{""name"":LAX},{""idTicket"":545,""idFlight"":543,""class"":business,""price"":2543},{""name"":EWR},{""name"":EWR},{""idTicket"":148,""idFlight"":147,""class"":economy,""price"":567.75},{""name"":ORD},{""name"":ORD},{""idTicket"":593,""idFlight"":591,""class"":business,""price"":1585},{""name"":LAS}]",4695.75
"[{""name"":LAX},{""idTicket"":137,""idFlight"":135,""class"":business,""price"":2540},{""name"":EWR},{""name"":EWR},{""idTicket"":148,""idFlight"":147,""class"":economy,""price"":567.75},{""name"":ORD},{""name"":ORD},{""idTicket"":497,""idFlight"":495,""class"":business,""price"":1586},{""name"":LAS}]",4693.75
"[{""name"":LAX},{""idTicket"":137,""idFlight"":135,""class"":business,""price"":2540},{""name"":EWR},{""name"":EWR},{""idTicket"":148,""idFlight"":147,""class"":economy,""price"":567.75},{""name"":ORD},{""name"":ORD},{""idTicket"":593,""idFlight"":591,""class"":business,""price"":1585},{""name"":LAS}]",4692.75
"[{""name"":LAX},{""idTicket"":545,""idFlight"":543,""class"":business,""price"":2543},{""name"":EWR},{""name"":EWR},{""idTicket"":150,""idFlight"":147,""class"":firstClass,""price"":908.4},{""name"":ORD},{""name"":ORD},{""idTicket"":496,""idFlight"":495,""class"":economy,""price"":1189.5},{""name"":LAS}]",4640.9
"[{""name"":LAX},{""idTicket"":545,""idFlight"":543,""class"":business,""price"":2543},{""name"":EWR},{""name"":EWR},{""idTicket"":150,""idFlight"":147,""class"":firstClass,""price"":908.4},{""name"":ORD},{""name"":ORD},{""idTicket"":592,""idFlight"":591,""class"":economy,""price"":1188.75},{""name"":LAS}]",4640.15
"[{""name"":LAX},{""idTicket"":137,""idFlight"":135,""class"":business,""price"":2540},{""name"":EWR},{""name"":EWR},{""idTicket"":150,""idFlight"":147,""class"":firstClass,""price"":908.4},{""name"":ORD},{""name"":ORD},{""idTicket"":496,""idFlight"":495,""class"":economy,""price"":1189.5},{""name"":LAS}]",4637.9
"[{""name"":LAX},{""idTicket"":137,""idFlight"":135,""class"":business,""price"":2540},{""name"":EWR},{""name"":EWR},{""idTicket"":150,""idFlight"":147,""class"":firstClass,""price"":908.4},{""name"":ORD},{""name"":ORD},{""idTicket"":592,""idFlight"":591,""class"":economy,""price"":1188.75},{""name"":LAS}]",4637.15
"[{""name"":LAX},{""idTicket"":106,""idFlight"":103,""class"":firstClass,""price"":1712.3999999999999},{""name"":IAH},{""name"":IAH},{""idTicket"":529,""idFlight"":527,""class"":business,""price"":962},{""name"":ORD},{""name"":ORD},{""idTicket"":498,""idFlight"":495,""class"":firstClass,""price"":1903.1999999999998},{""name"":LAS}]",4577.599999999999
"[{""name"":LAX},{""idTicket"":106,""idFlight"":103,""class"":firstClass,""price"":1712.3999999999999},{""name"":IAH},{""name"":IAH},{""idTicket"":529,""idFlight"":527,""class"":business,""price"":962},{""name"":ORD},{""name"":ORD},{""idTicket"":594,""idFlight"":591,""class"":firstClass,""price"":1902.0},{""name"":LAS}]",4576.4
"[{""name"":LAX},{""idTicket"":544,""idFlight"":543,""class"":economy,""price"":1907.25},{""name"":EWR},{""name"":EWR},{""idTicket"":149,""idFlight"":147,""class"":business,""price"":757},{""name"":ORD},{""name"":ORD},{""idTicket"":498,""idFlight"":495,""class"":firstClass,""price"":1903.1999999999998},{""name"":LAS}]",4567.45
"[{""name"":LAX},{""idTicket"":544,""idFlight"":543,""class"":economy,""price"":1907.25},{""name"":EWR},{""name"":EWR},{""idTicket"":149,""idFlight"":147,""class"":business,""price"":757},{""name"":ORD},{""name"":ORD},{""idTicket"":594,""idFlight"":591,""class"":firstClass,""price"":1902.0},{""name"":LAS}]",4566.25
"[{""name"":LAX},{""idTicket"":136,""idFlight"":135,""class"":economy,""price"":1905.0},{""name"":EWR},{""name"":EWR},{""idTicket"":149,""idFlight"":147,""class"":business,""price"":757},{""name"":ORD},{""name"":ORD},{""idTicket"":498,""idFlight"":495,""class"":firstClass,""price"":1903.1999999999998},{""name"":LAS}]",4565.2
"[{""name"":LAX},{""idTicket"":136,""idFlight"":135,""class"":economy,""price"":1905.0},{""name"":EWR},{""name"":EWR},{""idTicket"":149,""idFlight"":147,""class"":business,""price"":757},{""name"":ORD},{""name"":ORD},{""idTicket"":594,""idFlight"":591,""class"":firstClass,""price"":1902.0},{""name"":LAS}]",4564.0
"[{""name"":LAX},{""idTicket"":545,""idFlight"":543,""class"":business,""price"":2543},{""name"":EWR},{""name"":EWR},{""idTicket"":149,""idFlight"":147,""class"":business,""price"":757},{""name"":ORD},{""name"":ORD},{""idTicket"":496,""idFlight"":495,""class"":economy,""price"":1189.5},{""name"":LAS}]",4489.5
"[{""name"":LAX},{""idTicket"":545,""idFlight"":543,""class"":business,""price"":2543},{""name"":EWR},{""name"":EWR},{""idTicket"":149,""idFlight"":147,""class"":business,""price"":757},{""name"":ORD},{""name"":ORD},{""idTicket"":592,""idFlight"":591,""class"":economy,""price"":1188.75},{""name"":LAS}]",4488.75
"[{""name"":LAX},{""idTicket"":137,""idFlight"":135,""class"":business,""price"":2540},{""name"":EWR},{""name"":EWR},{""idTicket"":149,""idFlight"":147,""class"":business,""price"":757},{""name"":ORD},{""name"":ORD},{""idTicket"":496,""idFlight"":495,""class"":economy,""price"":1189.5},{""name"":LAS}]",4486.5
"[{""name"":LAX},{""idTicket"":137,""idFlight"":135,""class"":business,""price"":2540},{""name"":EWR},{""name"":EWR},{""idTicket"":149,""idFlight"":147,""class"":business,""price"":757},{""name"":ORD},{""name"":ORD},{""idTicket"":592,""idFlight"":591,""class"":economy,""price"":1188.75},{""name"":LAS}]",4485.75
"[{""name"":LAX},{""idTicket"":105,""idFlight"":103,""class"":business,""price"":1427},{""name"":IAH},{""name"":IAH},{""idTicket"":530,""idFlight"":527,""class"":firstClass,""price"":1154.3999999999999},{""name"":ORD},{""name"":ORD},{""idTicket"":498,""idFlight"":495,""class"":firstClass,""price"":1903.1999999999998},{""name"":LAS}]",4484.599999999999
"[{""name"":LAX},{""idTicket"":105,""idFlight"":103,""class"":business,""price"":1427},{""name"":IAH},{""name"":IAH},{""idTicket"":530,""idFlight"":527,""class"":firstClass,""price"":1154.3999999999999},{""name"":ORD},{""name"":ORD},{""idTicket"":594,""idFlight"":591,""class"":firstClass,""price"":1902.0},{""name"":LAS}]",4483.4
"[{""name"":LAX},{""idTicket"":106,""idFlight"":103,""class"":firstClass,""price"":1712.3999999999999},{""name"":IAH},{""name"":IAH},{""idTicket"":530,""idFlight"":527,""class"":firstClass,""price"":1154.3999999999999},{""name"":ORD},{""name"":ORD},{""idTicket"":497,""idFlight"":495,""class"":business,""price"":1586},{""name"":LAS}]",4452.799999999999
"[{""name"":LAX},{""idTicket"":106,""idFlight"":103,""class"":firstClass,""price"":1712.3999999999999},{""name"":IAH},{""name"":IAH},{""idTicket"":530,""idFlight"":527,""class"":firstClass,""price"":1154.3999999999999},{""name"":ORD},{""name"":ORD},{""idTicket"":593,""idFlight"":591,""class"":business,""price"":1585},{""name"":LAS}]",4451.799999999999
"[{""name"":LAX},{""idTicket"":544,""idFlight"":543,""class"":economy,""price"":1907.25},{""name"":EWR},{""name"":EWR},{""idTicket"":150,""idFlight"":147,""class"":firstClass,""price"":908.4},{""name"":ORD},{""name"":ORD},{""idTicket"":497,""idFlight"":495,""class"":business,""price"":1586},{""name"":LAS}]",4401.65
"[{""name"":LAX},{""idTicket"":544,""idFlight"":543,""class"":economy,""price"":1907.25},{""name"":EWR},{""name"":EWR},{""idTicket"":150,""idFlight"":147,""class"":firstClass,""price"":908.4},{""name"":ORD},{""name"":ORD},{""idTicket"":593,""idFlight"":591,""class"":business,""price"":1585},{""name"":LAS}]",4400.65
"[{""name"":LAX},{""idTicket"":136,""idFlight"":135,""class"":economy,""price"":1905.0},{""name"":EWR},{""name"":EWR},{""idTicket"":150,""idFlight"":147,""class"":firstClass,""price"":908.4},{""name"":ORD},{""name"":ORD},{""idTicket"":497,""idFlight"":495,""class"":business,""price"":1586},{""name"":LAS}]",4399.4
"[{""name"":LAX},{""idTicket"":136,""idFlight"":135,""class"":economy,""price"":1905.0},{""name"":EWR},{""name"":EWR},{""idTicket"":150,""idFlight"":147,""class"":firstClass,""price"":908.4},{""name"":ORD},{""name"":ORD},{""idTicket"":593,""idFlight"":591,""class"":business,""price"":1585},{""name"":LAS}]",4398.4
"[{""name"":LAX},{""idTicket"":544,""idFlight"":543,""class"":economy,""price"":1907.25},{""name"":EWR},{""name"":EWR},{""idTicket"":148,""idFlight"":147,""class"":economy,""price"":567.75},{""name"":ORD},{""name"":ORD},{""idTicket"":498,""idFlight"":495,""class"":firstClass,""price"":1903.1999999999998},{""name"":LAS}]",4378.2
"[{""name"":LAX},{""idTicket"":544,""idFlight"":543,""class"":economy,""price"":1907.25},{""name"":EWR},{""name"":EWR},{""idTicket"":148,""idFlight"":147,""class"":economy,""price"":567.75},{""name"":ORD},{""name"":ORD},{""idTicket"":594,""idFlight"":591,""class"":firstClass,""price"":1902.0},{""name"":LAS}]",4377.0
"[{""name"":LAX},{""idTicket"":136,""idFlight"":135,""class"":economy,""price"":1905.0},{""name"":EWR},{""name"":EWR},{""idTicket"":148,""idFlight"":147,""class"":economy,""price"":567.75},{""name"":ORD},{""name"":ORD},{""idTicket"":498,""idFlight"":495,""class"":firstClass,""price"":1903.1999999999998},{""name"":LAS}]",4375.95
"[{""name"":LAX},{""idTicket"":136,""idFlight"":135,""class"":economy,""price"":1905.0},{""name"":EWR},{""name"":EWR},{""idTicket"":148,""idFlight"":147,""class"":economy,""price"":567.75},{""name"":ORD},{""name"":ORD},{""idTicket"":594,""idFlight"":591,""class"":firstClass,""price"":1902.0},{""name"":LAS}]",4374.75
"[{""name"":LAX},{""idTicket"":106,""idFlight"":103,""class"":firstClass,""price"":1712.3999999999999},{""name"":IAH},{""name"":IAH},{""idTicket"":528,""idFlight"":527,""class"":economy,""price"":721.5},{""name"":ORD},{""name"":ORD},{""idTicket"":498,""idFlight"":495,""class"":firstClass,""price"":1903.1999999999998},{""name"":LAS}]",4337.099999999999
"[{""name"":LAX},{""idTicket"":106,""idFlight"":103,""class"":firstClass,""price"":1712.3999999999999},{""name"":IAH},{""name"":IAH},{""idTicket"":528,""idFlight"":527,""class"":economy,""price"":721.5},{""name"":ORD},{""name"":ORD},{""idTicket"":594,""idFlight"":591,""class"":firstClass,""price"":1902.0},{""name"":LAS}]",4335.9
"[{""name"":LAX},{""idTicket"":545,""idFlight"":543,""class"":business,""price"":2543},{""name"":EWR},{""name"":EWR},{""idTicket"":148,""idFlight"":147,""class"":economy,""price"":567.75},{""name"":ORD},{""name"":ORD},{""idTicket"":496,""idFlight"":495,""class"":economy,""price"":1189.5},{""name"":LAS}]",4300.25
"[{""name"":LAX},{""idTicket"":545,""idFlight"":543,""class"":business,""price"":2543},{""name"":EWR},{""name"":EWR},{""idTicket"":148,""idFlight"":147,""class"":economy,""price"":567.75},{""name"":ORD},{""name"":ORD},{""idTicket"":592,""idFlight"":591,""class"":economy,""price"":1188.75},{""name"":LAS}]",4299.5
"[{""name"":LAX},{""idTicket"":137,""idFlight"":135,""class"":business,""price"":2540},{""name"":EWR},{""name"":EWR},{""idTicket"":148,""idFlight"":147,""class"":economy,""price"":567.75},{""name"":ORD},{""name"":ORD},{""idTicket"":496,""idFlight"":495,""class"":economy,""price"":1189.5},{""name"":LAS}]",4297.25
"[{""name"":LAX},{""idTicket"":137,""idFlight"":135,""class"":business,""price"":2540},{""name"":EWR},{""name"":EWR},{""idTicket"":148,""idFlight"":147,""class"":economy,""price"":567.75},{""name"":ORD},{""name"":ORD},{""idTicket"":592,""idFlight"":591,""class"":economy,""price"":1188.75},{""name"":LAS}]",4296.5
"[{""name"":LAX},{""idTicket"":105,""idFlight"":103,""class"":business,""price"":1427},{""name"":IAH},{""name"":IAH},{""idTicket"":529,""idFlight"":527,""class"":business,""price"":962},{""name"":ORD},{""name"":ORD},{""idTicket"":498,""idFlight"":495,""class"":firstClass,""price"":1903.1999999999998},{""name"":LAS}]",4292.2
"[{""name"":LAX},{""idTicket"":105,""idFlight"":103,""class"":business,""price"":1427},{""name"":IAH},{""name"":IAH},{""idTicket"":529,""idFlight"":527,""class"":business,""price"":962},{""name"":ORD},{""name"":ORD},{""idTicket"":594,""idFlight"":591,""class"":firstClass,""price"":1902.0},{""name"":LAS}]",4291.0
"[{""name"":LAX},{""idTicket"":106,""idFlight"":103,""class"":firstClass,""price"":1712.3999999999999},{""name"":IAH},{""name"":IAH},{""idTicket"":529,""idFlight"":527,""class"":business,""price"":962},{""name"":ORD},{""name"":ORD},{""idTicket"":497,""idFlight"":495,""class"":business,""price"":1586},{""name"":LAS}]",4260.4
"[{""name"":LAX},{""idTicket"":106,""idFlight"":103,""class"":firstClass,""price"":1712.3999999999999},{""name"":IAH},{""name"":IAH},{""idTicket"":529,""idFlight"":527,""class"":business,""price"":962},{""name"":ORD},{""name"":ORD},{""idTicket"":593,""idFlight"":591,""class"":business,""price"":1585},{""name"":LAS}]",4259.4
"[{""name"":LAX},{""idTicket"":544,""idFlight"":543,""class"":economy,""price"":1907.25},{""name"":EWR},{""name"":EWR},{""idTicket"":149,""idFlight"":147,""class"":business,""price"":757},{""name"":ORD},{""name"":ORD},{""idTicket"":497,""idFlight"":495,""class"":business,""price"":1586},{""name"":LAS}]",4250.25
"[{""name"":LAX},{""idTicket"":544,""idFlight"":543,""class"":economy,""price"":1907.25},{""name"":EWR},{""name"":EWR},{""idTicket"":149,""idFlight"":147,""class"":business,""price"":757},{""name"":ORD},{""name"":ORD},{""idTicket"":593,""idFlight"":591,""class"":business,""price"":1585},{""name"":LAS}]",4249.25
"[{""name"":LAX},{""idTicket"":136,""idFlight"":135,""class"":economy,""price"":1905.0},{""name"":EWR},{""name"":EWR},{""idTicket"":149,""idFlight"":147,""class"":business,""price"":757},{""name"":ORD},{""name"":ORD},{""idTicket"":497,""idFlight"":495,""class"":business,""price"":1586},{""name"":LAS}]",4248.0
"[{""name"":LAX},{""idTicket"":136,""idFlight"":135,""class"":economy,""price"":1905.0},{""name"":EWR},{""name"":EWR},{""idTicket"":149,""idFlight"":147,""class"":business,""price"":757},{""name"":ORD},{""name"":ORD},{""idTicket"":593,""idFlight"":591,""class"":business,""price"":1585},{""name"":LAS}]",4247.0
"[{""name"":LAX},{""idTicket"":105,""idFlight"":103,""class"":business,""price"":1427},{""name"":IAH},{""name"":IAH},{""idTicket"":530,""idFlight"":527,""class"":firstClass,""price"":1154.3999999999999},{""name"":ORD},{""name"":ORD},{""idTicket"":497,""idFlight"":495,""class"":business,""price"":1586},{""name"":LAS}]",4167.4
"[{""name"":LAX},{""idTicket"":105,""idFlight"":103,""class"":business,""price"":1427},{""name"":IAH},{""name"":IAH},{""idTicket"":530,""idFlight"":527,""class"":firstClass,""price"":1154.3999999999999},{""name"":ORD},{""name"":ORD},{""idTicket"":593,""idFlight"":591,""class"":business,""price"":1585},{""name"":LAS}]",4166.4
"[{""name"":LAX},{""idTicket"":104,""idFlight"":103,""class"":economy,""price"":1070.25},{""name"":IAH},{""name"":IAH},{""idTicket"":530,""idFlight"":527,""class"":firstClass,""price"":1154.3999999999999},{""name"":ORD},{""name"":ORD},{""idTicket"":498,""idFlight"":495,""class"":firstClass,""price"":1903.1999999999998},{""name"":LAS}]",4127.849999999999
"[{""name"":LAX},{""idTicket"":104,""idFlight"":103,""class"":economy,""price"":1070.25},{""name"":IAH},{""name"":IAH},{""idTicket"":530,""idFlight"":527,""class"":firstClass,""price"":1154.3999999999999},{""name"":ORD},{""name"":ORD},{""idTicket"":594,""idFlight"":591,""class"":firstClass,""price"":1902.0},{""name"":LAS}]",4126.65
"[{""name"":LAX},{""idTicket"":544,""idFlight"":543,""class"":economy,""price"":1907.25},{""name"":EWR},{""name"":EWR},{""idTicket"":148,""idFlight"":147,""class"":economy,""price"":567.75},{""name"":ORD},{""name"":ORD},{""idTicket"":497,""idFlight"":495,""class"":business,""price"":1586},{""name"":LAS}]",4061.0
"[{""name"":LAX},{""idTicket"":544,""idFlight"":543,""class"":economy,""price"":1907.25},{""name"":EWR},{""name"":EWR},{""idTicket"":148,""idFlight"":147,""class"":economy,""price"":567.75},{""name"":ORD},{""name"":ORD},{""idTicket"":593,""idFlight"":591,""class"":business,""price"":1585},{""name"":LAS}]",4060.0
"[{""name"":LAX},{""idTicket"":136,""idFlight"":135,""class"":economy,""price"":1905.0},{""name"":EWR},{""name"":EWR},{""idTicket"":148,""idFlight"":147,""class"":economy,""price"":567.75},{""name"":ORD},{""name"":ORD},{""idTicket"":497,""idFlight"":495,""class"":business,""price"":1586},{""name"":LAS}]",4058.75
"[{""name"":LAX},{""idTicket"":136,""idFlight"":135,""class"":economy,""price"":1905.0},{""name"":EWR},{""name"":EWR},{""idTicket"":148,""idFlight"":147,""class"":economy,""price"":567.75},{""name"":ORD},{""name"":ORD},{""idTicket"":593,""idFlight"":591,""class"":business,""price"":1585},{""name"":LAS}]",4057.75
"[{""name"":LAX},{""idTicket"":106,""idFlight"":103,""class"":firstClass,""price"":1712.3999999999999},{""name"":IAH},{""name"":IAH},{""idTicket"":530,""idFlight"":527,""class"":firstClass,""price"":1154.3999999999999},{""name"":ORD},{""name"":ORD},{""idTicket"":496,""idFlight"":495,""class"":economy,""price"":1189.5},{""name"":LAS}]",4056.2999999999997
"[{""name"":LAX},{""idTicket"":106,""idFlight"":103,""class"":firstClass,""price"":1712.3999999999999},{""name"":IAH},{""name"":IAH},{""idTicket"":530,""idFlight"":527,""class"":firstClass,""price"":1154.3999999999999},{""name"":ORD},{""name"":ORD},{""idTicket"":592,""idFlight"":591,""class"":economy,""price"":1188.75},{""name"":LAS}]",4055.5499999999997
"[{""name"":LAX},{""idTicket"":105,""idFlight"":103,""class"":business,""price"":1427},{""name"":IAH},{""name"":IAH},{""idTicket"":528,""idFlight"":527,""class"":economy,""price"":721.5},{""name"":ORD},{""name"":ORD},{""idTicket"":498,""idFlight"":495,""class"":firstClass,""price"":1903.1999999999998},{""name"":LAS}]",4051.7
"[{""name"":LAX},{""idTicket"":105,""idFlight"":103,""class"":business,""price"":1427},{""name"":IAH},{""name"":IAH},{""idTicket"":528,""idFlight"":527,""class"":economy,""price"":721.5},{""name"":ORD},{""name"":ORD},{""idTicket"":594,""idFlight"":591,""class"":firstClass,""price"":1902.0},{""name"":LAS}]",4050.5
"[{""name"":LAX},{""idTicket"":106,""idFlight"":103,""class"":firstClass,""price"":1712.3999999999999},{""name"":IAH},{""name"":IAH},{""idTicket"":528,""idFlight"":527,""class"":economy,""price"":721.5},{""name"":ORD},{""name"":ORD},{""idTicket"":497,""idFlight"":495,""class"":business,""price"":1586},{""name"":LAS}]",4019.8999999999996
"[{""name"":LAX},{""idTicket"":106,""idFlight"":103,""class"":firstClass,""price"":1712.3999999999999},{""name"":IAH},{""name"":IAH},{""idTicket"":528,""idFlight"":527,""class"":economy,""price"":721.5},{""name"":ORD},{""name"":ORD},{""idTicket"":593,""idFlight"":591,""class"":business,""price"":1585},{""name"":LAS}]",4018.8999999999996
"[{""name"":LAX},{""idTicket"":544,""idFlight"":543,""class"":economy,""price"":1907.25},{""name"":EWR},{""name"":EWR},{""idTicket"":150,""idFlight"":147,""class"":firstClass,""price"":908.4},{""name"":ORD},{""name"":ORD},{""idTicket"":496,""idFlight"":495,""class"":economy,""price"":1189.5},{""name"":LAS}]",4005.15
"[{""name"":LAX},{""idTicket"":544,""idFlight"":543,""class"":economy,""price"":1907.25},{""name"":EWR},{""name"":EWR},{""idTicket"":150,""idFlight"":147,""class"":firstClass,""price"":908.4},{""name"":ORD},{""name"":ORD},{""idTicket"":592,""idFlight"":591,""class"":economy,""price"":1188.75},{""name"":LAS}]",4004.4
"[{""name"":LAX},{""idTicket"":136,""idFlight"":135,""class"":economy,""price"":1905.0},{""name"":EWR},{""name"":EWR},{""idTicket"":150,""idFlight"":147,""class"":firstClass,""price"":908.4},{""name"":ORD},{""name"":ORD},{""idTicket"":496,""idFlight"":495,""class"":economy,""price"":1189.5},{""name"":LAS}]",4002.9
"[{""name"":LAX},{""idTicket"":136,""idFlight"":135,""class"":economy,""price"":1905.0},{""name"":EWR},{""name"":EWR},{""idTicket"":150,""idFlight"":147,""class"":firstClass,""price"":908.4},{""name"":ORD},{""name"":ORD},{""idTicket"":592,""idFlight"":591,""class"":economy,""price"":1188.75},{""name"":LAS}]",4002.15
"[{""name"":LAX},{""idTicket"":105,""idFlight"":103,""class"":business,""price"":1427},{""name"":IAH},{""name"":IAH},{""idTicket"":529,""idFlight"":527,""class"":business,""price"":962},{""name"":ORD},{""name"":ORD},{""idTicket"":497,""idFlight"":495,""class"":business,""price"":1586},{""name"":LAS}]",3975
"[{""name"":LAX},{""idTicket"":105,""idFlight"":103,""class"":business,""price"":1427},{""name"":IAH},{""name"":IAH},{""idTicket"":529,""idFlight"":527,""class"":business,""price"":962},{""name"":ORD},{""name"":ORD},{""idTicket"":593,""idFlight"":591,""class"":business,""price"":1585},{""name"":LAS}]",3974
"[{""name"":LAX},{""idTicket"":104,""idFlight"":103,""class"":economy,""price"":1070.25},{""name"":IAH},{""name"":IAH},{""idTicket"":529,""idFlight"":527,""class"":business,""price"":962},{""name"":ORD},{""name"":ORD},{""idTicket"":498,""idFlight"":495,""class"":firstClass,""price"":1903.1999999999998},{""name"":LAS}]",3935.45
"[{""name"":LAX},{""idTicket"":104,""idFlight"":103,""class"":economy,""price"":1070.25},{""name"":IAH},{""name"":IAH},{""idTicket"":529,""idFlight"":527,""class"":business,""price"":962},{""name"":ORD},{""name"":ORD},{""idTicket"":594,""idFlight"":591,""class"":firstClass,""price"":1902.0},{""name"":LAS}]",3934.25
"[{""name"":LAX},{""idTicket"":106,""idFlight"":103,""class"":firstClass,""price"":1712.3999999999999},{""name"":IAH},{""name"":IAH},{""idTicket"":529,""idFlight"":527,""class"":business,""price"":962},{""name"":ORD},{""name"":ORD},{""idTicket"":496,""idFlight"":495,""class"":economy,""price"":1189.5},{""name"":LAS}]",3863.8999999999996
"[{""name"":LAX},{""idTicket"":106,""idFlight"":103,""class"":firstClass,""price"":1712.3999999999999},{""name"":IAH},{""name"":IAH},{""idTicket"":529,""idFlight"":527,""class"":business,""price"":962},{""name"":ORD},{""name"":ORD},{""idTicket"":592,""idFlight"":591,""class"":economy,""price"":1188.75},{""name"":LAS}]",3863.1499999999996
"[{""name"":LAX},{""idTicket"":544,""idFlight"":543,""class"":economy,""price"":1907.25},{""name"":EWR},{""name"":EWR},{""idTicket"":149,""idFlight"":147,""class"":business,""price"":757},{""name"":ORD},{""name"":ORD},{""idTicket"":496,""idFlight"":495,""class"":economy,""price"":1189.5},{""name"":LAS}]",3853.75
"[{""name"":LAX},{""idTicket"":544,""idFlight"":543,""class"":economy,""price"":1907.25},{""name"":EWR},{""name"":EWR},{""idTicket"":149,""idFlight"":147,""class"":business,""price"":757},{""name"":ORD},{""name"":ORD},{""idTicket"":592,""idFlight"":591,""class"":economy,""price"":1188.75},{""name"":LAS}]",3853.0
"[{""name"":LAX},{""idTicket"":136,""idFlight"":135,""class"":economy,""price"":1905.0},{""name"":EWR},{""name"":EWR},{""idTicket"":149,""idFlight"":147,""class"":business,""price"":757},{""name"":ORD},{""name"":ORD},{""idTicket"":496,""idFlight"":495,""class"":economy,""price"":1189.5},{""name"":LAS}]",3851.5
"[{""name"":LAX},{""idTicket"":136,""idFlight"":135,""class"":economy,""price"":1905.0},{""name"":EWR},{""name"":EWR},{""idTicket"":149,""idFlight"":147,""class"":business,""price"":757},{""name"":ORD},{""name"":ORD},{""idTicket"":592,""idFlight"":591,""class"":economy,""price"":1188.75},{""name"":LAS}]",3850.75
"[{""name"":LAX},{""idTicket"":104,""idFlight"":103,""class"":economy,""price"":1070.25},{""name"":IAH},{""name"":IAH},{""idTicket"":530,""idFlight"":527,""class"":firstClass,""price"":1154.3999999999999},{""name"":ORD},{""name"":ORD},{""idTicket"":497,""idFlight"":495,""class"":business,""price"":1586},{""name"":LAS}]",3810.6499999999996
"[{""name"":LAX},{""idTicket"":104,""idFlight"":103,""class"":economy,""price"":1070.25},{""name"":IAH},{""name"":IAH},{""idTicket"":530,""idFlight"":527,""class"":firstClass,""price"":1154.3999999999999},{""name"":ORD},{""name"":ORD},{""idTicket"":593,""idFlight"":591,""class"":business,""price"":1585},{""name"":LAS}]",3809.6499999999996
"[{""name"":LAX},{""idTicket"":105,""idFlight"":103,""class"":business,""price"":1427},{""name"":IAH},{""name"":IAH},{""idTicket"":530,""idFlight"":527,""class"":firstClass,""price"":1154.3999999999999},{""name"":ORD},{""name"":ORD},{""idTicket"":496,""idFlight"":495,""class"":economy,""price"":1189.5},{""name"":LAS}]",3770.8999999999996
"[{""name"":LAX},{""idTicket"":105,""idFlight"":103,""class"":business,""price"":1427},{""name"":IAH},{""name"":IAH},{""idTicket"":530,""idFlight"":527,""class"":firstClass,""price"":1154.3999999999999},{""name"":ORD},{""name"":ORD},{""idTicket"":592,""idFlight"":591,""class"":economy,""price"":1188.75},{""name"":LAS}]",3770.1499999999996
"[{""name"":LAX},{""idTicket"":105,""idFlight"":103,""class"":business,""price"":1427},{""name"":IAH},{""name"":IAH},{""idTicket"":528,""idFlight"":527,""class"":economy,""price"":721.5},{""name"":ORD},{""name"":ORD},{""idTicket"":497,""idFlight"":495,""class"":business,""price"":1586},{""name"":LAS}]",3734.5
"[{""name"":LAX},{""idTicket"":105,""idFlight"":103,""class"":business,""price"":1427},{""name"":IAH},{""name"":IAH},{""idTicket"":528,""idFlight"":527,""class"":economy,""price"":721.5},{""name"":ORD},{""name"":ORD},{""idTicket"":593,""idFlight"":591,""class"":business,""price"":1585},{""name"":LAS}]",3733.5
"[{""name"":LAX},{""idTicket"":104,""idFlight"":103,""class"":economy,""price"":1070.25},{""name"":IAH},{""name"":IAH},{""idTicket"":528,""idFlight"":527,""class"":economy,""price"":721.5},{""name"":ORD},{""name"":ORD},{""idTicket"":498,""idFlight"":495,""class"":firstClass,""price"":1903.1999999999998},{""name"":LAS}]",3694.95
"[{""name"":LAX},{""idTicket"":104,""idFlight"":103,""class"":economy,""price"":1070.25},{""name"":IAH},{""name"":IAH},{""idTicket"":528,""idFlight"":527,""class"":economy,""price"":721.5},{""name"":ORD},{""name"":ORD},{""idTicket"":594,""idFlight"":591,""class"":firstClass,""price"":1902.0},{""name"":LAS}]",3693.75
"[{""name"":LAX},{""idTicket"":544,""idFlight"":543,""class"":economy,""price"":1907.25},{""name"":EWR},{""name"":EWR},{""idTicket"":148,""idFlight"":147,""class"":economy,""price"":567.75},{""name"":ORD},{""name"":ORD},{""idTicket"":496,""idFlight"":495,""class"":economy,""price"":1189.5},{""name"":LAS}]",3664.5
"[{""name"":LAX},{""idTicket"":544,""idFlight"":543,""class"":economy,""price"":1907.25},{""name"":EWR},{""name"":EWR},{""idTicket"":148,""idFlight"":147,""class"":economy,""price"":567.75},{""name"":ORD},{""name"":ORD},{""idTicket"":592,""idFlight"":591,""class"":economy,""price"":1188.75},{""name"":LAS}]",3663.75
"[{""name"":LAX},{""idTicket"":136,""idFlight"":135,""class"":economy,""price"":1905.0},{""name"":EWR},{""name"":EWR},{""idTicket"":148,""idFlight"":147,""class"":economy,""price"":567.75},{""name"":ORD},{""name"":ORD},{""idTicket"":496,""idFlight"":495,""class"":economy,""price"":1189.5},{""name"":LAS}]",3662.25
"[{""name"":LAX},{""idTicket"":136,""idFlight"":135,""class"":economy,""price"":1905.0},{""name"":EWR},{""name"":EWR},{""idTicket"":148,""idFlight"":147,""class"":economy,""price"":567.75},{""name"":ORD},{""name"":ORD},{""idTicket"":592,""idFlight"":591,""class"":economy,""price"":1188.75},{""name"":LAS}]",3661.5
"[{""name"":LAX},{""idTicket"":106,""idFlight"":103,""class"":firstClass,""price"":1712.3999999999999},{""name"":IAH},{""name"":IAH},{""idTicket"":528,""idFlight"":527,""class"":economy,""price"":721.5},{""name"":ORD},{""name"":ORD},{""idTicket"":496,""idFlight"":495,""class"":economy,""price"":1189.5},{""name"":LAS}]",3623.3999999999996
"[{""name"":LAX},{""idTicket"":106,""idFlight"":103,""class"":firstClass,""price"":1712.3999999999999},{""name"":IAH},{""name"":IAH},{""idTicket"":528,""idFlight"":527,""class"":economy,""price"":721.5},{""name"":ORD},{""name"":ORD},{""idTicket"":592,""idFlight"":591,""class"":economy,""price"":1188.75},{""name"":LAS}]",3622.6499999999996
"[{""name"":LAX},{""idTicket"":104,""idFlight"":103,""class"":economy,""price"":1070.25},{""name"":IAH},{""name"":IAH},{""idTicket"":529,""idFlight"":527,""class"":business,""price"":962},{""name"":ORD},{""name"":ORD},{""idTicket"":497,""idFlight"":495,""class"":business,""price"":1586},{""name"":LAS}]",3618.25
"[{""name"":LAX},{""idTicket"":104,""idFlight"":103,""class"":economy,""price"":1070.25},{""name"":IAH},{""name"":IAH},{""idTicket"":529,""idFlight"":527,""class"":business,""price"":962},{""name"":ORD},{""name"":ORD},{""idTicket"":593,""idFlight"":591,""class"":business,""price"":1585},{""name"":LAS}]",3617.25
"[{""name"":LAX},{""idTicket"":105,""idFlight"":103,""class"":business,""price"":1427},{""name"":IAH},{""name"":IAH},{""idTicket"":529,""idFlight"":527,""class"":business,""price"":962},{""name"":ORD},{""name"":ORD},{""idTicket"":496,""idFlight"":495,""class"":economy,""price"":1189.5},{""name"":LAS}]",3578.5
"[{""name"":LAX},{""idTicket"":105,""idFlight"":103,""class"":business,""price"":1427},{""name"":IAH},{""name"":IAH},{""idTicket"":529,""idFlight"":527,""class"":business,""price"":962},{""name"":ORD},{""name"":ORD},{""idTicket"":592,""idFlight"":591,""class"":economy,""price"":1188.75},{""name"":LAS}]",3577.75
"[{""name"":LAX},{""idTicket"":104,""idFlight"":103,""class"":economy,""price"":1070.25},{""name"":IAH},{""name"":IAH},{""idTicket"":530,""idFlight"":527,""class"":firstClass,""price"":1154.3999999999999},{""name"":ORD},{""name"":ORD},{""idTicket"":496,""idFlight"":495,""class"":economy,""price"":1189.5},{""name"":LAS}]",3414.1499999999996
"[{""name"":LAX},{""idTicket"":104,""idFlight"":103,""class"":economy,""price"":1070.25},{""name"":IAH},{""name"":IAH},{""idTicket"":530,""idFlight"":527,""class"":firstClass,""price"":1154.3999999999999},{""name"":ORD},{""name"":ORD},{""idTicket"":592,""idFlight"":591,""class"":economy,""price"":1188.75},{""name"":LAS}]",3413.3999999999996
"[{""name"":LAX},{""idTicket"":104,""idFlight"":103,""class"":economy,""price"":1070.25},{""name"":IAH},{""name"":IAH},{""idTicket"":528,""idFlight"":527,""class"":economy,""price"":721.5},{""name"":ORD},{""name"":ORD},{""idTicket"":497,""idFlight"":495,""class"":business,""price"":1586},{""name"":LAS}]",3377.75
"[{""name"":LAX},{""idTicket"":104,""idFlight"":103,""class"":economy,""price"":1070.25},{""name"":IAH},{""name"":IAH},{""idTicket"":528,""idFlight"":527,""class"":economy,""price"":721.5},{""name"":ORD},{""name"":ORD},{""idTicket"":593,""idFlight"":591,""class"":business,""price"":1585},{""name"":LAS}]",3376.75
"[{""name"":LAX},{""idTicket"":105,""idFlight"":103,""class"":business,""price"":1427},{""name"":IAH},{""name"":IAH},{""idTicket"":528,""idFlight"":527,""class"":economy,""price"":721.5},{""name"":ORD},{""name"":ORD},{""idTicket"":496,""idFlight"":495,""class"":economy,""price"":1189.5},{""name"":LAS}]",3338.0
"[{""name"":LAX},{""idTicket"":105,""idFlight"":103,""class"":business,""price"":1427},{""name"":IAH},{""name"":IAH},{""idTicket"":528,""idFlight"":527,""class"":economy,""price"":721.5},{""name"":ORD},{""name"":ORD},{""idTicket"":592,""idFlight"":591,""class"":economy,""price"":1188.75},{""name"":LAS}]",3337.25
"[{""name"":LAX},{""idTicket"":104,""idFlight"":103,""class"":economy,""price"":1070.25},{""name"":IAH},{""name"":IAH},{""idTicket"":529,""idFlight"":527,""class"":business,""price"":962},{""name"":ORD},{""name"":ORD},{""idTicket"":496,""idFlight"":495,""class"":economy,""price"":1189.5},{""name"":LAS}]",3221.75
"[{""name"":LAX},{""idTicket"":104,""idFlight"":103,""class"":economy,""price"":1070.25},{""name"":IAH},{""name"":IAH},{""idTicket"":529,""idFlight"":527,""class"":business,""price"":962},{""name"":ORD},{""name"":ORD},{""idTicket"":592,""idFlight"":591,""class"":economy,""price"":1188.75},{""name"":LAS}]",3221.0
"[{""name"":LAX},{""idTicket"":104,""idFlight"":103,""class"":economy,""price"":1070.25},{""name"":IAH},{""name"":IAH},{""idTicket"":528,""idFlight"":527,""class"":economy,""price"":721.5},{""name"":ORD},{""name"":ORD},{""idTicket"":496,""idFlight"":495,""class"":economy,""price"":1189.5},{""name"":LAS}]",2981.25
"[{""name"":LAX},{""idTicket"":104,""idFlight"":103,""class"":economy,""price"":1070.25},{""name"":IAH},{""name"":IAH},{""idTicket"":528,""idFlight"":527,""class"":economy,""price"":721.5},{""name"":ORD},{""name"":ORD},{""idTicket"":592,""idFlight"":591,""class"":economy,""price"":1188.75},{""name"":LAS}]",2980.5
"[{""name"":LAX},{""idTicket"":662,""idFlight"":659,""class"":firstClass,""price"":298.8},{""name"":LAS}]",298.8
"[{""name"":LAX},{""idTicket"":661,""idFlight"":659,""class"":business,""price"":249},{""name"":LAS}]",249
"[{""name"":LAX},{""idTicket"":660,""idFlight"":659,""class"":economy,""price"":186.75},{""name"":LAS}]",186.75